ID,착과량(int)
TEST_0000,260.0
TEST_0001,758.0
TEST_0002,135.0
TEST_0003,483.0
TEST_0004,687.0
TEST_0005,322.0
TEST_0006,136.0
TEST_0007,33.0
TEST_0008,358.0
TEST_0009,242.0
TEST_0010,590.0
TEST_0011,712.0
TEST_0012,400.0
TEST_0013,308.0
TEST_0014,77.0
TEST_0015,139.0
TEST_0016,542.0
TEST_0017,449.0
TEST_0018,289.0
TEST_0019,501.0
TEST_0020,249.0
TEST_0021,330.0
TEST_0022,465.0
TEST_0023,230.0
TEST_0024,197.0
TEST_0025,620.0
TEST_0026,199.0
TEST_0027,757.0
TEST_0028,686.0
TEST_0029,427.0
TEST_0030,46.0
TEST_0031,517.0
TEST_0032,605.0
TEST_0033,561.0
TEST_0034,576.0
TEST_0035,315.0
TEST_0036,246.0
TEST_0037,640.0
TEST_0038,34.0
TEST_0039,461.0
TEST_0040,470.0
TEST_0041,185.0
TEST_0042,702.0
TEST_0043,23.0
TEST_0044,611.0
TEST_0045,329.0
TEST_0046,708.0
TEST_0047,542.0
TEST_0048,309.0
TEST_0049,427.0
TEST_0050,516.0
TEST_0051,695.0
TEST_0052,362.0
TEST_0053,484.0
TEST_0054,449.0
TEST_0055,138.0
TEST_0056,741.0
TEST_0057,512.0
TEST_0058,590.0
TEST_0059,539.0
TEST_0060,493.0
TEST_0061,44.0
TEST_0062,560.0
TEST_0063,300.0
TEST_0064,535.0
TEST_0065,309.0
TEST_0066,475.0
TEST_0067,440.0
TEST_0068,163.0
TEST_0069,625.0
TEST_0070,766.0
TEST_0071,761.0
TEST_0072,649.0
TEST_0073,277.0
TEST_0074,184.0
TEST_0075,273.0
TEST_0076,109.0
TEST_0077,671.0
TEST_0078,720.0
TEST_0079,306.0
TEST_0080,273.0
TEST_0081,99.0
TEST_0082,28.0
TEST_0083,682.0
TEST_0084,650.0
TEST_0085,520.0
TEST_0086,201.0
TEST_0087,361.0
TEST_0088,15.0
TEST_0089,129.0
TEST_0090,38.0
TEST_0091,349.0
TEST_0092,508.0
TEST_0093,548.0
TEST_0094,579.0
TEST_0095,385.0
TEST_0096,281.0
TEST_0097,257.0
TEST_0098,286.0
TEST_0099,686.0
TEST_0100,793.0
TEST_0101,246.0
TEST_0102,406.0
TEST_0103,576.0
TEST_0104,192.0
TEST_0105,702.0
TEST_0106,144.0
TEST_0107,93.0
TEST_0108,480.0
TEST_0109,241.0
TEST_0110,604.0
TEST_0111,224.0
TEST_0112,697.0
TEST_0113,418.0
TEST_0114,744.0
TEST_0115,100.0
TEST_0116,671.0
TEST_0117,654.0
TEST_0118,368.0
TEST_0119,478.0
TEST_0120,184.0
TEST_0121,448.0
TEST_0122,375.0
TEST_0123,566.0
TEST_0124,708.0
TEST_0125,597.0
TEST_0126,339.0
TEST_0127,503.0
TEST_0128,508.0
TEST_0129,368.0
TEST_0130,45.0
TEST_0131,292.0
TEST_0132,467.0
TEST_0133,382.0
TEST_0134,183.0
TEST_0135,290.0
TEST_0136,799.0
TEST_0137,394.0
TEST_0138,107.0
TEST_0139,584.0
TEST_0140,785.0
TEST_0141,784.0
TEST_0142,262.0
TEST_0143,425.0
TEST_0144,33.0
TEST_0145,554.0
TEST_0146,292.0
TEST_0147,115.0
TEST_0148,114.0
TEST_0149,362.0
TEST_0150,685.0
TEST_0151,611.0
TEST_0152,745.0
TEST_0153,182.0
TEST_0154,540.0
TEST_0155,797.0
TEST_0156,588.0
TEST_0157,311.0
TEST_0158,114.0
TEST_0159,249.0
TEST_0160,566.0
TEST_0161,291.0
TEST_0162,204.0
TEST_0163,9.0
TEST_0164,573.0
TEST_0165,559.0
TEST_0166,553.0
TEST_0167,681.0
TEST_0168,577.0
TEST_0169,319.0
TEST_0170,648.0
TEST_0171,500.0
TEST_0172,425.0
TEST_0173,267.0
TEST_0174,758.0
TEST_0175,109.0
TEST_0176,231.0
TEST_0177,385.0
TEST_0178,129.0
TEST_0179,328.0
TEST_0180,293.0
TEST_0181,303.0
TEST_0182,468.0
TEST_0183,277.0
TEST_0184,792.0
TEST_0185,543.0
TEST_0186,387.0
TEST_0187,624.0
TEST_0188,630.0
TEST_0189,240.0
TEST_0190,690.0
TEST_0191,171.0
TEST_0192,321.0
TEST_0193,600.0
TEST_0194,635.0
TEST_0195,702.0
TEST_0196,246.0
TEST_0197,95.0
TEST_0198,234.0
TEST_0199,25.0
TEST_0200,169.0
TEST_0201,315.0
TEST_0202,262.0
TEST_0203,101.0
TEST_0204,448.0
TEST_0205,354.0
TEST_0206,41.0
TEST_0207,297.0
TEST_0208,293.0
TEST_0209,441.0
TEST_0210,440.0
TEST_0211,156.0
TEST_0212,267.0
TEST_0213,580.0
TEST_0214,394.0
TEST_0215,49.0
TEST_0216,702.0
TEST_0217,146.0
TEST_0218,408.0
TEST_0219,410.0
TEST_0220,165.0
TEST_0221,397.0
TEST_0222,501.0
TEST_0223,286.0
TEST_0224,508.0
TEST_0225,482.0
TEST_0226,535.0
TEST_0227,99.0
TEST_0228,696.0
TEST_0229,329.0
TEST_0230,566.0
TEST_0231,647.0
TEST_0232,491.0
TEST_0233,158.0
TEST_0234,358.0
TEST_0235,428.0
TEST_0236,493.0
TEST_0237,377.0
TEST_0238,181.0
TEST_0239,671.0
TEST_0240,666.0
TEST_0241,369.0
TEST_0242,297.0
TEST_0243,175.0
TEST_0244,652.0
TEST_0245,299.0
TEST_0246,336.0
TEST_0247,430.0
TEST_0248,672.0
TEST_0249,667.0
TEST_0250,260.0
TEST_0251,59.0
TEST_0252,650.0
TEST_0253,364.0
TEST_0254,181.0
TEST_0255,315.0
TEST_0256,271.0
TEST_0257,276.0
TEST_0258,269.0
TEST_0259,27.0
TEST_0260,508.0
TEST_0261,146.0
TEST_0262,396.0
TEST_0263,347.0
TEST_0264,8.0
TEST_0265,232.0
TEST_0266,300.0
TEST_0267,672.0
TEST_0268,581.0
TEST_0269,536.0
TEST_0270,327.0
TEST_0271,315.0
TEST_0272,431.0
TEST_0273,719.0
TEST_0274,42.0
TEST_0275,87.0
TEST_0276,313.0
TEST_0277,31.0
TEST_0278,265.0
TEST_0279,42.0
TEST_0280,697.0
TEST_0281,213.0
TEST_0282,27.0
TEST_0283,175.0
TEST_0284,723.0
TEST_0285,610.0
TEST_0286,36.0
TEST_0287,646.0
TEST_0288,502.0
TEST_0289,354.0
TEST_0290,597.0
TEST_0291,224.0
TEST_0292,615.0
TEST_0293,651.0
TEST_0294,452.0
TEST_0295,472.0
TEST_0296,682.0
TEST_0297,248.0
TEST_0298,297.0
TEST_0299,298.0
TEST_0300,276.0
TEST_0301,712.0
TEST_0302,134.0
TEST_0303,419.0
TEST_0304,463.0
TEST_0305,401.0
TEST_0306,139.0
TEST_0307,595.0
TEST_0308,718.0
TEST_0309,209.0
TEST_0310,42.0
TEST_0311,671.0
TEST_0312,492.0
TEST_0313,306.0
TEST_0314,691.0
TEST_0315,380.0
TEST_0316,493.0
TEST_0317,183.0
TEST_0318,465.0
TEST_0319,656.0
TEST_0320,224.0
TEST_0321,330.0
TEST_0322,511.0
TEST_0323,290.0
TEST_0324,358.0
TEST_0325,662.0
TEST_0326,84.0
TEST_0327,626.0
TEST_0328,694.0
TEST_0329,345.0
TEST_0330,799.0
TEST_0331,81.0
TEST_0332,249.0
TEST_0333,394.0
TEST_0334,209.0
TEST_0335,195.0
TEST_0336,49.0
TEST_0337,413.0
TEST_0338,238.0
TEST_0339,262.0
TEST_0340,751.0
TEST_0341,262.0
TEST_0342,81.0
TEST_0343,294.0
TEST_0344,553.0
TEST_0345,407.0
TEST_0346,107.0
TEST_0347,322.0
TEST_0348,76.0
TEST_0349,611.0
TEST_0350,694.0
TEST_0351,475.0
TEST_0352,480.0
TEST_0353,366.0
TEST_0354,43.0
TEST_0355,196.0
TEST_0356,446.0
TEST_0357,501.0
TEST_0358,159.0
TEST_0359,430.0
TEST_0360,159.0
TEST_0361,187.0
TEST_0362,489.0
TEST_0363,128.0
TEST_0364,222.0
TEST_0365,660.0
TEST_0366,213.0
TEST_0367,647.0
TEST_0368,276.0
TEST_0369,123.0
TEST_0370,346.0
TEST_0371,299.0
TEST_0372,139.0
TEST_0373,511.0
TEST_0374,61.0
TEST_0375,683.0
TEST_0376,189.0
TEST_0377,385.0
TEST_0378,372.0
TEST_0379,505.0
TEST_0380,425.0
TEST_0381,668.0
TEST_0382,503.0
TEST_0383,319.0
TEST_0384,380.0
TEST_0385,3.0
TEST_0386,569.0
TEST_0387,744.0
TEST_0388,617.0
TEST_0389,106.0
TEST_0390,47.0
TEST_0391,308.0
TEST_0392,782.0
TEST_0393,235.0
TEST_0394,144.0
TEST_0395,309.0
TEST_0396,290.0
TEST_0397,149.0
TEST_0398,168.0
TEST_0399,428.0
TEST_0400,706.0
TEST_0401,300.0
TEST_0402,443.0
TEST_0403,556.0
TEST_0404,480.0
TEST_0405,135.0
TEST_0406,273.0
TEST_0407,132.0
TEST_0408,625.0
TEST_0409,576.0
TEST_0410,392.0
TEST_0411,363.0
TEST_0412,678.0
TEST_0413,456.0
TEST_0414,315.0
TEST_0415,79.0
TEST_0416,382.0
TEST_0417,276.0
TEST_0418,511.0
TEST_0419,467.0
TEST_0420,248.0
TEST_0421,538.0
TEST_0422,754.0
TEST_0423,58.0
TEST_0424,345.0
TEST_0425,297.0
TEST_0426,355.0
TEST_0427,649.0
TEST_0428,782.0
TEST_0429,162.0
TEST_0430,369.0
TEST_0431,446.0
TEST_0432,702.0
TEST_0433,319.0
TEST_0434,455.0
TEST_0435,350.0
TEST_0436,671.0
TEST_0437,470.0
TEST_0438,6.0
TEST_0439,219.0
TEST_0440,232.0
TEST_0441,361.0
TEST_0442,480.0
TEST_0443,16.0
TEST_0444,369.0
TEST_0445,114.0
TEST_0446,322.0
TEST_0447,19.0
TEST_0448,778.0
TEST_0449,497.0
TEST_0450,368.0
TEST_0451,304.0
TEST_0452,201.0
TEST_0453,5.0
TEST_0454,104.0
TEST_0455,426.0
TEST_0456,208.0
TEST_0457,605.0
TEST_0458,702.0
TEST_0459,385.0
TEST_0460,125.0
TEST_0461,491.0
TEST_0462,27.0
TEST_0463,452.0
TEST_0464,606.0
TEST_0465,14.0
TEST_0466,639.0
TEST_0467,620.0
TEST_0468,494.0
TEST_0469,679.0
TEST_0470,116.0
TEST_0471,358.0
TEST_0472,241.0
TEST_0473,218.0
TEST_0474,1.0
TEST_0475,463.0
TEST_0476,407.0
TEST_0477,72.0
TEST_0478,139.0
TEST_0479,456.0
TEST_0480,112.0
TEST_0481,186.0
TEST_0482,580.0
TEST_0483,492.0
TEST_0484,790.0
TEST_0485,410.0
TEST_0486,135.0
TEST_0487,759.0
TEST_0488,300.0
TEST_0489,275.0
TEST_0490,219.0
TEST_0491,396.0
TEST_0492,206.0
TEST_0493,127.0
TEST_0494,283.0
TEST_0495,683.0
TEST_0496,22.0
TEST_0497,683.0
TEST_0498,666.0
TEST_0499,79.0
TEST_0500,483.0
TEST_0501,640.0
TEST_0502,194.0
TEST_0503,643.0
TEST_0504,500.0
TEST_0505,252.0
TEST_0506,5.0
TEST_0507,685.0
TEST_0508,379.0
TEST_0509,214.0
TEST_0510,382.0
TEST_0511,76.0
TEST_0512,379.0
TEST_0513,565.0
TEST_0514,216.0
TEST_0515,449.0
TEST_0516,314.0
TEST_0517,651.0
TEST_0518,95.0
TEST_0519,8.0
TEST_0520,501.0
TEST_0521,463.0
TEST_0522,745.0
TEST_0523,430.0
TEST_0524,712.0
TEST_0525,573.0
TEST_0526,623.0
TEST_0527,463.0
TEST_0528,426.0
TEST_0529,297.0
TEST_0530,163.0
TEST_0531,697.0
TEST_0532,519.0
TEST_0533,48.0
TEST_0534,44.0
TEST_0535,799.0
TEST_0536,768.0
TEST_0537,580.0
TEST_0538,208.0
TEST_0539,536.0
TEST_0540,652.0
TEST_0541,667.0
TEST_0542,584.0
TEST_0543,579.0
TEST_0544,523.0
TEST_0545,724.0
TEST_0546,319.0
TEST_0547,543.0
TEST_0548,639.0
TEST_0549,135.0
TEST_0550,696.0
TEST_0551,492.0
TEST_0552,456.0
TEST_0553,667.0
TEST_0554,186.0
TEST_0555,111.0
TEST_0556,244.0
TEST_0557,444.0
TEST_0558,410.0
TEST_0559,377.0
TEST_0560,139.0
TEST_0561,237.0
TEST_0562,97.0
TEST_0563,28.0
TEST_0564,426.0
TEST_0565,666.0
TEST_0566,103.0
TEST_0567,741.0
TEST_0568,545.0
TEST_0569,154.0
TEST_0570,371.0
TEST_0571,284.0
TEST_0572,300.0
TEST_0573,708.0
TEST_0574,523.0
TEST_0575,360.0
TEST_0576,332.0
TEST_0577,320.0
TEST_0578,781.0
TEST_0579,292.0
TEST_0580,13.0
TEST_0581,498.0
TEST_0582,749.0
TEST_0583,143.0
TEST_0584,114.0
TEST_0585,273.0
TEST_0586,231.0
TEST_0587,101.0
TEST_0588,687.0
TEST_0589,378.0
TEST_0590,286.0
TEST_0591,285.0
TEST_0592,308.0
TEST_0593,652.0
TEST_0594,499.0
TEST_0595,209.0
TEST_0596,566.0
TEST_0597,44.0
TEST_0598,475.0
TEST_0599,296.0
TEST_0600,304.0
TEST_0601,252.0
TEST_0602,262.0
TEST_0603,684.0
TEST_0604,563.0
TEST_0605,335.0
TEST_0606,123.0
TEST_0607,183.0
TEST_0608,497.0
TEST_0609,781.0
TEST_0610,272.0
TEST_0611,273.0
TEST_0612,347.0
TEST_0613,493.0
TEST_0614,430.0
TEST_0615,241.0
TEST_0616,766.0
TEST_0617,591.0
TEST_0618,491.0
TEST_0619,60.0
TEST_0620,678.0
TEST_0621,259.0
TEST_0622,764.0
TEST_0623,47.0
TEST_0624,183.0
TEST_0625,297.0
TEST_0626,62.0
TEST_0627,455.0
TEST_0628,157.0
TEST_0629,650.0
TEST_0630,510.0
TEST_0631,241.0
TEST_0632,625.0
TEST_0633,287.0
TEST_0634,295.0
TEST_0635,708.0
TEST_0636,597.0
TEST_0637,382.0
TEST_0638,322.0
TEST_0639,726.0
TEST_0640,62.0
TEST_0641,345.0
TEST_0642,315.0
TEST_0643,717.0
TEST_0644,738.0
TEST_0645,134.0
TEST_0646,354.0
TEST_0647,9.0
TEST_0648,782.0
TEST_0649,568.0
TEST_0650,687.0
TEST_0651,491.0
TEST_0652,636.0
TEST_0653,427.0
TEST_0654,61.0
TEST_0655,141.0
TEST_0656,121.0
TEST_0657,694.0
TEST_0658,326.0
TEST_0659,342.0
TEST_0660,781.0
TEST_0661,504.0
TEST_0662,241.0
TEST_0663,141.0
TEST_0664,380.0
TEST_0665,175.0
TEST_0666,593.0
TEST_0667,664.0
TEST_0668,583.0
TEST_0669,66.0
TEST_0670,661.0
TEST_0671,175.0
TEST_0672,233.0
TEST_0673,127.0
TEST_0674,129.0
TEST_0675,166.0
TEST_0676,426.0
TEST_0677,358.0
TEST_0678,775.0
TEST_0679,571.0
TEST_0680,79.0
TEST_0681,468.0
TEST_0682,571.0
TEST_0683,197.0
TEST_0684,475.0
TEST_0685,595.0
TEST_0686,578.0
TEST_0687,65.0
TEST_0688,470.0
TEST_0689,492.0
TEST_0690,476.0
TEST_0691,452.0
TEST_0692,277.0
TEST_0693,352.0
TEST_0694,135.0
TEST_0695,483.0
TEST_0696,304.0
TEST_0697,412.0
TEST_0698,224.0
TEST_0699,632.0
TEST_0700,580.0
TEST_0701,58.0
TEST_0702,84.0
TEST_0703,358.0
TEST_0704,407.0
TEST_0705,134.0
TEST_0706,534.0
TEST_0707,571.0
TEST_0708,480.0
TEST_0709,308.0
TEST_0710,116.0
TEST_0711,506.0
TEST_0712,44.0
TEST_0713,695.0
TEST_0714,584.0
TEST_0715,155.0
TEST_0716,376.0
TEST_0717,579.0
TEST_0718,234.0
TEST_0719,330.0
TEST_0720,792.0
TEST_0721,171.0
TEST_0722,368.0
TEST_0723,276.0
TEST_0724,6.0
TEST_0725,446.0
TEST_0726,410.0
TEST_0727,737.0
TEST_0728,426.0
TEST_0729,249.0
TEST_0730,708.0
TEST_0731,183.0
TEST_0732,795.0
TEST_0733,264.0
TEST_0734,535.0
TEST_0735,112.0
TEST_0736,628.0
TEST_0737,606.0
TEST_0738,151.0
TEST_0739,685.0
TEST_0740,100.0
TEST_0741,307.0
TEST_0742,7.0
TEST_0743,81.0
TEST_0744,576.0
TEST_0745,679.0
TEST_0746,202.0
TEST_0747,639.0
TEST_0748,598.0
TEST_0749,252.0
TEST_0750,118.0
TEST_0751,616.0
TEST_0752,568.0
TEST_0753,407.0
TEST_0754,592.0
TEST_0755,259.0
TEST_0756,163.0
TEST_0757,163.0
TEST_0758,456.0
TEST_0759,3.0
TEST_0760,143.0
TEST_0761,222.0
TEST_0762,649.0
TEST_0763,489.0
TEST_0764,694.0
TEST_0765,372.0
TEST_0766,185.0
TEST_0767,366.0
TEST_0768,597.0
TEST_0769,758.0
TEST_0770,598.0
TEST_0771,599.0
TEST_0772,392.0
TEST_0773,564.0
TEST_0774,273.0
TEST_0775,119.0
TEST_0776,366.0
TEST_0777,679.0
TEST_0778,199.0
TEST_0779,407.0
TEST_0780,499.0
TEST_0781,262.0
TEST_0782,694.0
TEST_0783,427.0
TEST_0784,284.0
TEST_0785,46.0
TEST_0786,200.0
TEST_0787,249.0
TEST_0788,501.0
TEST_0789,60.0
TEST_0790,152.0
TEST_0791,597.0
TEST_0792,297.0
TEST_0793,345.0
TEST_0794,757.0
TEST_0795,170.0
TEST_0796,170.0
TEST_0797,478.0
TEST_0798,44.0
TEST_0799,358.0
TEST_0800,226.0
TEST_0801,265.0
TEST_0802,524.0
TEST_0803,401.0
TEST_0804,125.0
TEST_0805,679.0
TEST_0806,778.0
TEST_0807,357.0
TEST_0808,508.0
TEST_0809,581.0
TEST_0810,265.0
TEST_0811,634.0
TEST_0812,712.0
TEST_0813,216.0
TEST_0814,701.0
TEST_0815,511.0
TEST_0816,314.0
TEST_0817,389.0
TEST_0818,215.0
TEST_0819,320.0
TEST_0820,625.0
TEST_0821,762.0
TEST_0822,286.0
TEST_0823,49.0
TEST_0824,759.0
TEST_0825,692.0
TEST_0826,691.0
TEST_0827,210.0
TEST_0828,276.0
TEST_0829,357.0
TEST_0830,159.0
TEST_0831,656.0
TEST_0832,723.0
TEST_0833,107.0
TEST_0834,545.0
TEST_0835,535.0
TEST_0836,79.0
TEST_0837,569.0
TEST_0838,399.0
TEST_0839,559.0
TEST_0840,666.0
TEST_0841,300.0
TEST_0842,680.0
TEST_0843,270.0
TEST_0844,396.0
TEST_0845,231.0
TEST_0846,695.0
TEST_0847,561.0
TEST_0848,222.0
TEST_0849,162.0
TEST_0850,7.0
TEST_0851,503.0
TEST_0852,260.0
TEST_0853,265.0
TEST_0854,679.0
TEST_0855,762.0
TEST_0856,606.0
TEST_0857,60.0
TEST_0858,267.0
TEST_0859,730.0
TEST_0860,624.0
TEST_0861,388.0
TEST_0862,606.0
TEST_0863,662.0
TEST_0864,107.0
TEST_0865,600.0
TEST_0866,135.0
TEST_0867,469.0
TEST_0868,389.0
TEST_0869,640.0
TEST_0870,431.0
TEST_0871,731.0
TEST_0872,785.0
TEST_0873,702.0
TEST_0874,243.0
TEST_0875,713.0
TEST_0876,599.0
TEST_0877,396.0
TEST_0878,201.0
TEST_0879,56.0
TEST_0880,501.0
TEST_0881,175.0
TEST_0882,201.0
TEST_0883,672.0
TEST_0884,498.0
TEST_0885,347.0
TEST_0886,362.0
TEST_0887,150.0
TEST_0888,322.0
TEST_0889,676.0
TEST_0890,497.0
TEST_0891,178.0
TEST_0892,689.0
TEST_0893,535.0
TEST_0894,257.0
TEST_0895,750.0
TEST_0896,499.0
TEST_0897,425.0
TEST_0898,787.0
TEST_0899,589.0
TEST_0900,649.0
TEST_0901,576.0
TEST_0902,720.0
TEST_0903,67.0
TEST_0904,606.0
TEST_0905,529.0
TEST_0906,7.0
TEST_0907,5.0
TEST_0908,168.0
TEST_0909,13.0
TEST_0910,685.0
TEST_0911,144.0
TEST_0912,576.0
TEST_0913,243.0
TEST_0914,231.0
TEST_0915,680.0
TEST_0916,383.0
TEST_0917,184.0
TEST_0918,187.0
TEST_0919,712.0
TEST_0920,470.0
TEST_0921,300.0
TEST_0922,5.0
TEST_0923,611.0
TEST_0924,429.0
TEST_0925,352.0
TEST_0926,368.0
TEST_0927,252.0
TEST_0928,418.0
TEST_0929,678.0
TEST_0930,785.0
TEST_0931,189.0
TEST_0932,694.0
TEST_0933,355.0
TEST_0934,471.0
TEST_0935,297.0
TEST_0936,140.0
TEST_0937,151.0
TEST_0938,159.0
TEST_0939,195.0
TEST_0940,232.0
TEST_0941,168.0
TEST_0942,103.0
TEST_0943,527.0
TEST_0944,249.0
TEST_0945,648.0
TEST_0946,145.0
TEST_0947,751.0
TEST_0948,322.0
TEST_0949,401.0
TEST_0950,397.0
TEST_0951,616.0
TEST_0952,119.0
TEST_0953,469.0
TEST_0954,330.0
TEST_0955,664.0
TEST_0956,768.0
TEST_0957,107.0
TEST_0958,440.0
TEST_0959,563.0
TEST_0960,159.0
TEST_0961,309.0
TEST_0962,495.0
TEST_0963,28.0
TEST_0964,470.0
TEST_0965,160.0
TEST_0966,382.0
TEST_0967,316.0
TEST_0968,568.0
TEST_0969,375.0
TEST_0970,132.0
TEST_0971,599.0
TEST_0972,286.0
TEST_0973,466.0
TEST_0974,352.0
TEST_0975,669.0
TEST_0976,508.0
TEST_0977,250.0
TEST_0978,264.0
TEST_0979,261.0
TEST_0980,269.0
TEST_0981,163.0
TEST_0982,28.0
TEST_0983,375.0
TEST_0984,165.0
TEST_0985,616.0
TEST_0986,776.0
TEST_0987,14.0
TEST_0988,265.0
TEST_0989,643.0
TEST_0990,408.0
TEST_0991,487.0
TEST_0992,294.0
TEST_0993,782.0
TEST_0994,407.0
TEST_0995,431.0
TEST_0996,133.0
TEST_0997,784.0
TEST_0998,415.0
TEST_0999,608.0
TEST_1000,531.0
TEST_1001,545.0
TEST_1002,784.0
TEST_1003,691.0
TEST_1004,231.0
TEST_1005,446.0
TEST_1006,296.0
TEST_1007,778.0
TEST_1008,424.0
TEST_1009,788.0
TEST_1010,306.0
TEST_1011,519.0
TEST_1012,598.0
TEST_1013,534.0
TEST_1014,384.0
TEST_1015,296.0
TEST_1016,478.0
TEST_1017,685.0
TEST_1018,457.0
TEST_1019,566.0
TEST_1020,187.0
TEST_1021,356.0
TEST_1022,389.0
TEST_1023,107.0
TEST_1024,237.0
TEST_1025,438.0
TEST_1026,610.0
TEST_1027,243.0
TEST_1028,792.0
TEST_1029,58.0
TEST_1030,493.0
TEST_1031,613.0
TEST_1032,100.0
TEST_1033,721.0
TEST_1034,695.0
TEST_1035,577.0
TEST_1036,674.0
TEST_1037,501.0
TEST_1038,371.0
TEST_1039,231.0
TEST_1040,497.0
TEST_1041,632.0
TEST_1042,376.0
TEST_1043,300.0
TEST_1044,13.0
TEST_1045,442.0
TEST_1046,389.0
TEST_1047,347.0
TEST_1048,175.0
TEST_1049,173.0
TEST_1050,790.0
TEST_1051,259.0
TEST_1052,557.0
TEST_1053,358.0
TEST_1054,539.0
TEST_1055,375.0
TEST_1056,501.0
TEST_1057,367.0
TEST_1058,576.0
TEST_1059,73.0
TEST_1060,781.0
TEST_1061,526.0
TEST_1062,300.0
TEST_1063,706.0
TEST_1064,694.0
TEST_1065,671.0
TEST_1066,541.0
TEST_1067,438.0
TEST_1068,186.0
TEST_1069,418.0
TEST_1070,114.0
TEST_1071,749.0
TEST_1072,133.0
TEST_1073,366.0
TEST_1074,300.0
TEST_1075,112.0
TEST_1076,541.0
TEST_1077,140.0
TEST_1078,536.0
TEST_1079,296.0
TEST_1080,757.0
TEST_1081,544.0
TEST_1082,40.0
TEST_1083,683.0
TEST_1084,602.0
TEST_1085,501.0
TEST_1086,357.0
TEST_1087,309.0
TEST_1088,426.0
TEST_1089,3.0
TEST_1090,394.0
TEST_1091,273.0
TEST_1092,486.0
TEST_1093,197.0
TEST_1094,585.0
TEST_1095,186.0
TEST_1096,87.0
TEST_1097,718.0
TEST_1098,761.0
TEST_1099,260.0
TEST_1100,357.0
TEST_1101,70.0
TEST_1102,671.0
TEST_1103,244.0
TEST_1104,175.0
TEST_1105,795.0
TEST_1106,179.0
TEST_1107,652.0
TEST_1108,539.0
TEST_1109,354.0
TEST_1110,506.0
TEST_1111,497.0
TEST_1112,455.0
TEST_1113,682.0
TEST_1114,521.0
TEST_1115,252.0
TEST_1116,474.0
TEST_1117,673.0
TEST_1118,222.0
TEST_1119,696.0
TEST_1120,130.0
TEST_1121,186.0
TEST_1122,181.0
TEST_1123,502.0
TEST_1124,154.0
TEST_1125,297.0
TEST_1126,535.0
TEST_1127,196.0
TEST_1128,367.0
TEST_1129,758.0
TEST_1130,601.0
TEST_1131,536.0
TEST_1132,24.0
TEST_1133,627.0
TEST_1134,564.0
TEST_1135,179.0
TEST_1136,389.0
TEST_1137,779.0
TEST_1138,396.0
TEST_1139,568.0
TEST_1140,449.0
TEST_1141,455.0
TEST_1142,126.0
TEST_1143,535.0
TEST_1144,269.0
TEST_1145,696.0
TEST_1146,383.0
TEST_1147,191.0
TEST_1148,315.0
TEST_1149,194.0
TEST_1150,107.0
TEST_1151,308.0
TEST_1152,224.0
TEST_1153,597.0
TEST_1154,332.0
TEST_1155,222.0
TEST_1156,675.0
TEST_1157,493.0
TEST_1158,153.0
TEST_1159,491.0
TEST_1160,150.0
TEST_1161,66.0
TEST_1162,686.0
TEST_1163,430.0
TEST_1164,197.0
TEST_1165,702.0
TEST_1166,582.0
TEST_1167,259.0
TEST_1168,678.0
TEST_1169,195.0
TEST_1170,549.0
TEST_1171,572.0
TEST_1172,421.0
TEST_1173,248.0
TEST_1174,788.0
TEST_1175,520.0
TEST_1176,181.0
TEST_1177,9.0
TEST_1178,129.0
TEST_1179,430.0
TEST_1180,70.0
TEST_1181,635.0
TEST_1182,425.0
TEST_1183,442.0
TEST_1184,738.0
TEST_1185,388.0
TEST_1186,44.0
TEST_1187,10.0
TEST_1188,689.0
TEST_1189,666.0
TEST_1190,577.0
TEST_1191,242.0
TEST_1192,633.0
TEST_1193,782.0
TEST_1194,242.0
TEST_1195,308.0
TEST_1196,741.0
TEST_1197,87.0
TEST_1198,475.0
TEST_1199,470.0
TEST_1200,322.0
TEST_1201,262.0
TEST_1202,487.0
TEST_1203,579.0
TEST_1204,568.0
TEST_1205,271.0
TEST_1206,629.0
TEST_1207,265.0
TEST_1208,127.0
TEST_1209,407.0
TEST_1210,621.0
TEST_1211,276.0
TEST_1212,678.0
TEST_1213,758.0
TEST_1214,300.0
TEST_1215,366.0
TEST_1216,236.0
TEST_1217,354.0
TEST_1218,14.0
TEST_1219,249.0
TEST_1220,235.0
TEST_1221,31.0
TEST_1222,300.0
TEST_1223,407.0
TEST_1224,643.0
TEST_1225,142.0
TEST_1226,48.0
TEST_1227,491.0
TEST_1228,322.0
TEST_1229,20.0
TEST_1230,655.0
TEST_1231,265.0
TEST_1232,700.0
TEST_1233,702.0
TEST_1234,180.0
TEST_1235,175.0
TEST_1236,611.0
TEST_1237,286.0
TEST_1238,619.0
TEST_1239,276.0
TEST_1240,573.0
TEST_1241,609.0
TEST_1242,355.0
TEST_1243,178.0
TEST_1244,696.0
TEST_1245,721.0
TEST_1246,384.0
TEST_1247,244.0
TEST_1248,450.0
TEST_1249,764.0
TEST_1250,278.0
TEST_1251,671.0
TEST_1252,40.0
TEST_1253,265.0
TEST_1254,125.0
TEST_1255,434.0
TEST_1256,7.0
TEST_1257,566.0
TEST_1258,265.0
TEST_1259,125.0
TEST_1260,351.0
TEST_1261,648.0
TEST_1262,163.0
TEST_1263,13.0
TEST_1264,508.0
TEST_1265,44.0
TEST_1266,121.0
TEST_1267,502.0
TEST_1268,668.0
TEST_1269,428.0
TEST_1270,363.0
TEST_1271,234.0
TEST_1272,111.0
TEST_1273,666.0
TEST_1274,598.0
TEST_1275,597.0
TEST_1276,775.0
TEST_1277,213.0
TEST_1278,596.0
TEST_1279,566.0
TEST_1280,781.0
TEST_1281,363.0
TEST_1282,14.0
TEST_1283,52.0
TEST_1284,382.0
TEST_1285,61.0
TEST_1286,611.0
TEST_1287,138.0
TEST_1288,358.0
TEST_1289,633.0
TEST_1290,275.0
TEST_1291,580.0
TEST_1292,502.0
TEST_1293,651.0
TEST_1294,204.0
TEST_1295,374.0
TEST_1296,580.0
TEST_1297,337.0
TEST_1298,426.0
TEST_1299,168.0
TEST_1300,488.0
TEST_1301,427.0
TEST_1302,761.0
TEST_1303,484.0
TEST_1304,522.0
TEST_1305,46.0
TEST_1306,585.0
TEST_1307,380.0
TEST_1308,662.0
TEST_1309,335.0
TEST_1310,569.0
TEST_1311,259.0
TEST_1312,541.0
TEST_1313,415.0
TEST_1314,541.0
TEST_1315,226.0
TEST_1316,231.0
TEST_1317,428.0
TEST_1318,122.0
TEST_1319,88.0
TEST_1320,573.0
TEST_1321,27.0
TEST_1322,687.0
TEST_1323,259.0
TEST_1324,106.0
TEST_1325,320.0
TEST_1326,181.0
TEST_1327,644.0
TEST_1328,356.0
TEST_1329,175.0
TEST_1330,300.0
TEST_1331,494.0
TEST_1332,531.0
TEST_1333,175.0
TEST_1334,450.0
TEST_1335,180.0
TEST_1336,753.0
TEST_1337,588.0
TEST_1338,440.0
TEST_1339,290.0
TEST_1340,242.0
TEST_1341,430.0
TEST_1342,250.0
TEST_1343,570.0
TEST_1344,430.0
TEST_1345,450.0
TEST_1346,619.0
TEST_1347,79.0
TEST_1348,7.0
TEST_1349,644.0
TEST_1350,656.0
TEST_1351,139.0
TEST_1352,260.0
TEST_1353,721.0
TEST_1354,76.0
TEST_1355,676.0
TEST_1356,666.0
TEST_1357,461.0
TEST_1358,502.0
TEST_1359,787.0
TEST_1360,597.0
TEST_1361,110.0
TEST_1362,308.0
TEST_1363,145.0
TEST_1364,207.0
TEST_1365,671.0
TEST_1366,58.0
TEST_1367,394.0
TEST_1368,265.0
TEST_1369,490.0
TEST_1370,283.0
TEST_1371,584.0
TEST_1372,694.0
TEST_1373,479.0
TEST_1374,299.0
TEST_1375,679.0
TEST_1376,508.0
TEST_1377,364.0
TEST_1378,42.0
TEST_1379,553.0
TEST_1380,262.0
TEST_1381,307.0
TEST_1382,2.0
TEST_1383,116.0
TEST_1384,119.0
TEST_1385,540.0
TEST_1386,679.0
TEST_1387,437.0
TEST_1388,7.0
TEST_1389,455.0
TEST_1390,626.0
TEST_1391,712.0
TEST_1392,660.0
TEST_1393,231.0
TEST_1394,790.0
TEST_1395,508.0
TEST_1396,354.0
TEST_1397,25.0
TEST_1398,491.0
TEST_1399,14.0
TEST_1400,681.0
TEST_1401,617.0
TEST_1402,427.0
TEST_1403,206.0
TEST_1404,764.0
TEST_1405,180.0
TEST_1406,182.0
TEST_1407,694.0
TEST_1408,277.0
TEST_1409,151.0
TEST_1410,758.0
TEST_1411,579.0
TEST_1412,170.0
TEST_1413,143.0
TEST_1414,208.0
TEST_1415,627.0
TEST_1416,462.0
TEST_1417,709.0
TEST_1418,781.0
TEST_1419,104.0
TEST_1420,418.0
TEST_1421,103.0
TEST_1422,491.0
TEST_1423,263.0
TEST_1424,225.0
TEST_1425,430.0
TEST_1426,741.0
TEST_1427,656.0
TEST_1428,418.0
TEST_1429,671.0
TEST_1430,231.0
TEST_1431,204.0
TEST_1432,578.0
TEST_1433,371.0
TEST_1434,360.0
TEST_1435,366.0
TEST_1436,104.0
TEST_1437,792.0
TEST_1438,162.0
TEST_1439,694.0
TEST_1440,427.0
TEST_1441,141.0
TEST_1442,597.0
TEST_1443,430.0
TEST_1444,281.0
TEST_1445,571.0
TEST_1446,79.0
TEST_1447,446.0
TEST_1448,430.0
TEST_1449,749.0
TEST_1450,660.0
TEST_1451,615.0
TEST_1452,682.0
TEST_1453,354.0
TEST_1454,626.0
TEST_1455,232.0
TEST_1456,480.0
TEST_1457,48.0
TEST_1458,520.0
TEST_1459,331.0
TEST_1460,545.0
TEST_1461,181.0
TEST_1462,48.0
TEST_1463,732.0
TEST_1464,347.0
TEST_1465,450.0
TEST_1466,116.0
TEST_1467,292.0
TEST_1468,291.0
TEST_1469,424.0
TEST_1470,2.0
TEST_1471,785.0
TEST_1472,394.0
TEST_1473,295.0
TEST_1474,110.0
TEST_1475,508.0
TEST_1476,576.0
TEST_1477,326.0
TEST_1478,329.0
TEST_1479,225.0
TEST_1480,669.0
TEST_1481,180.0
TEST_1482,107.0
TEST_1483,496.0
TEST_1484,511.0
TEST_1485,60.0
TEST_1486,291.0
TEST_1487,738.0
TEST_1488,155.0
TEST_1489,160.0
TEST_1490,483.0
TEST_1491,632.0
TEST_1492,687.0
TEST_1493,58.0
TEST_1494,597.0
TEST_1495,119.0
TEST_1496,695.0
TEST_1497,320.0
TEST_1498,639.0
TEST_1499,300.0
TEST_1500,406.0
TEST_1501,349.0
TEST_1502,276.0
TEST_1503,347.0
TEST_1504,322.0
TEST_1505,26.0
TEST_1506,489.0
TEST_1507,314.0
TEST_1508,744.0
TEST_1509,620.0
TEST_1510,448.0
TEST_1511,264.0
TEST_1512,267.0
TEST_1513,487.0
TEST_1514,125.0
TEST_1515,209.0
TEST_1516,395.0
TEST_1517,442.0
TEST_1518,201.0
TEST_1519,678.0
TEST_1520,495.0
TEST_1521,680.0
TEST_1522,175.0
TEST_1523,252.0
TEST_1524,320.0
TEST_1525,696.0
TEST_1526,374.0
TEST_1527,355.0
TEST_1528,19.0
TEST_1529,418.0
TEST_1530,721.0
TEST_1531,218.0
TEST_1532,580.0
TEST_1533,33.0
TEST_1534,139.0
TEST_1535,356.0
TEST_1536,597.0
TEST_1537,264.0
TEST_1538,350.0
TEST_1539,389.0
TEST_1540,354.0
TEST_1541,502.0
TEST_1542,49.0
TEST_1543,265.0
TEST_1544,139.0
TEST_1545,629.0
TEST_1546,425.0
TEST_1547,209.0
TEST_1548,535.0
TEST_1549,125.0
TEST_1550,248.0
TEST_1551,338.0
TEST_1552,181.0
TEST_1553,551.0
TEST_1554,471.0
TEST_1555,249.0
TEST_1556,652.0
TEST_1557,700.0
TEST_1558,146.0
TEST_1559,399.0
TEST_1560,428.0
TEST_1561,220.0
TEST_1562,497.0
TEST_1563,111.0
TEST_1564,478.0
TEST_1565,228.0
TEST_1566,680.0
TEST_1567,207.0
TEST_1568,597.0
TEST_1569,536.0
TEST_1570,738.0
TEST_1571,1.0
TEST_1572,617.0
TEST_1573,493.0
TEST_1574,695.0
TEST_1575,119.0
TEST_1576,174.0
TEST_1577,559.0
TEST_1578,620.0
TEST_1579,627.0
TEST_1580,300.0
TEST_1581,729.0
TEST_1582,493.0
TEST_1583,362.0
TEST_1584,485.0
TEST_1585,450.0
TEST_1586,210.0
TEST_1587,790.0
TEST_1588,599.0
TEST_1589,369.0
TEST_1590,262.0
TEST_1591,303.0
TEST_1592,690.0
TEST_1593,579.0
TEST_1594,44.0
TEST_1595,780.0
TEST_1596,713.0
TEST_1597,580.0
TEST_1598,573.0
TEST_1599,244.0
TEST_1600,632.0
TEST_1601,175.0
TEST_1602,520.0
TEST_1603,718.0
TEST_1604,149.0
TEST_1605,553.0
TEST_1606,364.0
TEST_1607,797.0
TEST_1608,202.0
TEST_1609,216.0
TEST_1610,439.0
TEST_1611,360.0
TEST_1612,492.0
TEST_1613,174.0
TEST_1614,111.0
TEST_1615,357.0
TEST_1616,248.0
TEST_1617,198.0
TEST_1618,360.0
TEST_1619,500.0
TEST_1620,100.0
TEST_1621,472.0
TEST_1622,483.0
TEST_1623,142.0
TEST_1624,406.0
TEST_1625,692.0
TEST_1626,718.0
TEST_1627,389.0
TEST_1628,703.0
TEST_1629,641.0
TEST_1630,585.0
TEST_1631,76.0
TEST_1632,610.0
TEST_1633,276.0
TEST_1634,444.0
TEST_1635,478.0
TEST_1636,140.0
TEST_1637,439.0
TEST_1638,248.0
TEST_1639,295.0
TEST_1640,1.0
TEST_1641,337.0
TEST_1642,569.0
TEST_1643,120.0
TEST_1644,488.0
TEST_1645,222.0
TEST_1646,731.0
TEST_1647,391.0
TEST_1648,219.0
TEST_1649,3.0
TEST_1650,296.0
TEST_1651,619.0
TEST_1652,9.0
TEST_1653,121.0
TEST_1654,33.0
TEST_1655,345.0
TEST_1656,700.0
TEST_1657,140.0
TEST_1658,600.0
TEST_1659,252.0
TEST_1660,599.0
TEST_1661,764.0
TEST_1662,84.0
TEST_1663,389.0
TEST_1664,446.0
TEST_1665,647.0
TEST_1666,177.0
TEST_1667,121.0
TEST_1668,46.0
TEST_1669,157.0
TEST_1670,502.0
TEST_1671,355.0
TEST_1672,300.0
TEST_1673,579.0
TEST_1674,488.0
TEST_1675,31.0
TEST_1676,362.0
TEST_1677,683.0
TEST_1678,187.0
TEST_1679,430.0
TEST_1680,633.0
TEST_1681,323.0
TEST_1682,360.0
TEST_1683,484.0
TEST_1684,369.0
TEST_1685,697.0
TEST_1686,371.0
TEST_1687,532.0
TEST_1688,36.0
TEST_1689,561.0
TEST_1690,720.0
TEST_1691,118.0
TEST_1692,373.0
TEST_1693,597.0
TEST_1694,758.0
TEST_1695,568.0
TEST_1696,37.0
TEST_1697,281.0
TEST_1698,265.0
TEST_1699,410.0
TEST_1700,404.0
TEST_1701,292.0
TEST_1702,216.0
TEST_1703,7.0
TEST_1704,768.0
TEST_1705,666.0
TEST_1706,446.0
TEST_1707,792.0
TEST_1708,686.0
TEST_1709,475.0
TEST_1710,489.0
TEST_1711,394.0
TEST_1712,632.0
TEST_1713,449.0
TEST_1714,410.0
TEST_1715,552.0
TEST_1716,259.0
TEST_1717,629.0
TEST_1718,685.0
TEST_1719,322.0
TEST_1720,586.0
TEST_1721,183.0
TEST_1722,606.0
TEST_1723,114.0
TEST_1724,197.0
TEST_1725,632.0
TEST_1726,167.0
TEST_1727,231.0
TEST_1728,127.0
TEST_1729,299.0
TEST_1730,586.0
TEST_1731,40.0
TEST_1732,214.0
TEST_1733,632.0
TEST_1734,125.0
TEST_1735,408.0
TEST_1736,745.0
TEST_1737,257.0
TEST_1738,264.0
TEST_1739,190.0
TEST_1740,306.0
TEST_1741,671.0
TEST_1742,257.0
TEST_1743,223.0
TEST_1744,87.0
TEST_1745,146.0
TEST_1746,524.0
TEST_1747,410.0
TEST_1748,335.0
TEST_1749,243.0
TEST_1750,240.0
TEST_1751,664.0
TEST_1752,511.0
TEST_1753,445.0
TEST_1754,107.0
TEST_1755,673.0
TEST_1756,415.0
TEST_1757,273.0
TEST_1758,110.0
TEST_1759,187.0
TEST_1760,296.0
TEST_1761,667.0
TEST_1762,664.0
TEST_1763,782.0
TEST_1764,681.0
TEST_1765,427.0
TEST_1766,456.0
TEST_1767,46.0
TEST_1768,392.0
TEST_1769,358.0
TEST_1770,682.0
TEST_1771,643.0
TEST_1772,441.0
TEST_1773,532.0
TEST_1774,434.0
TEST_1775,450.0
TEST_1776,218.0
TEST_1777,745.0
TEST_1778,633.0
TEST_1779,480.0
TEST_1780,264.0
TEST_1781,41.0
TEST_1782,128.0
TEST_1783,531.0
TEST_1784,556.0
TEST_1785,209.0
TEST_1786,470.0
TEST_1787,70.0
TEST_1788,354.0
TEST_1789,3.0
TEST_1790,620.0
TEST_1791,358.0
TEST_1792,125.0
TEST_1793,560.0
TEST_1794,16.0
TEST_1795,611.0
TEST_1796,241.0
TEST_1797,7.0
TEST_1798,232.0
TEST_1799,610.0
TEST_1800,375.0
TEST_1801,466.0
TEST_1802,679.0
TEST_1803,560.0
TEST_1804,276.0
TEST_1805,662.0
TEST_1806,452.0
TEST_1807,778.0
TEST_1808,497.0
TEST_1809,660.0
TEST_1810,115.0
TEST_1811,660.0
TEST_1812,511.0
TEST_1813,535.0
TEST_1814,685.0
TEST_1815,197.0
TEST_1816,531.0
TEST_1817,577.0
TEST_1818,412.0
TEST_1819,232.0
TEST_1820,139.0
TEST_1821,626.0
TEST_1822,79.0
TEST_1823,623.0
TEST_1824,16.0
TEST_1825,220.0
TEST_1826,723.0
TEST_1827,216.0
TEST_1828,116.0
TEST_1829,219.0
TEST_1830,132.0
TEST_1831,3.0
TEST_1832,373.0
TEST_1833,556.0
TEST_1834,382.0
TEST_1835,628.0
TEST_1836,679.0
TEST_1837,262.0
TEST_1838,87.0
TEST_1839,76.0
TEST_1840,278.0
TEST_1841,525.0
TEST_1842,16.0
TEST_1843,716.0
TEST_1844,7.0
TEST_1845,45.0
TEST_1846,198.0
TEST_1847,687.0
TEST_1848,7.0
TEST_1849,728.0
TEST_1850,219.0
TEST_1851,295.0
TEST_1852,397.0
TEST_1853,433.0
TEST_1854,266.0
TEST_1855,719.0
TEST_1856,511.0
TEST_1857,655.0
TEST_1858,561.0
TEST_1859,369.0
TEST_1860,484.0
TEST_1861,421.0
TEST_1862,531.0
TEST_1863,425.0
TEST_1864,758.0
TEST_1865,636.0
TEST_1866,415.0
TEST_1867,568.0
TEST_1868,46.0
TEST_1869,639.0
TEST_1870,662.0
TEST_1871,154.0
TEST_1872,336.0
TEST_1873,373.0
TEST_1874,588.0
TEST_1875,609.0
TEST_1876,782.0
TEST_1877,80.0
TEST_1878,163.0
TEST_1879,517.0
TEST_1880,201.0
TEST_1881,260.0
TEST_1882,579.0
TEST_1883,154.0
TEST_1884,782.0
TEST_1885,495.0
TEST_1886,610.0
TEST_1887,287.0
TEST_1888,252.0
TEST_1889,661.0
TEST_1890,564.0
TEST_1891,70.0
TEST_1892,290.0
TEST_1893,297.0
TEST_1894,337.0
TEST_1895,679.0
TEST_1896,685.0
TEST_1897,88.0
TEST_1898,397.0
TEST_1899,671.0
TEST_1900,382.0
TEST_1901,632.0
TEST_1902,349.0
TEST_1903,584.0
TEST_1904,228.0
TEST_1905,259.0
TEST_1906,505.0
TEST_1907,539.0
TEST_1908,610.0
TEST_1909,582.0
TEST_1910,28.0
TEST_1911,499.0
TEST_1912,671.0
TEST_1913,266.0
TEST_1914,709.0
TEST_1915,548.0
TEST_1916,322.0
TEST_1917,382.0
TEST_1918,360.0
TEST_1919,46.0
TEST_1920,655.0
TEST_1921,179.0
TEST_1922,737.0
TEST_1923,25.0
TEST_1924,599.0
TEST_1925,475.0
TEST_1926,560.0
TEST_1927,566.0
TEST_1928,65.0
TEST_1929,440.0
TEST_1930,28.0
TEST_1931,41.0
TEST_1932,581.0
TEST_1933,218.0
TEST_1934,317.0
TEST_1935,407.0
TEST_1936,331.0
TEST_1937,564.0
TEST_1938,463.0
TEST_1939,209.0
TEST_1940,7.0
TEST_1941,458.0
TEST_1942,694.0
TEST_1943,536.0
TEST_1944,322.0
TEST_1945,455.0
TEST_1946,59.0
TEST_1947,204.0
TEST_1948,289.0
TEST_1949,487.0
TEST_1950,427.0
TEST_1951,685.0
TEST_1952,252.0
TEST_1953,106.0
TEST_1954,790.0
TEST_1955,510.0
TEST_1956,407.0
TEST_1957,475.0
TEST_1958,571.0
TEST_1959,12.0
TEST_1960,101.0
TEST_1961,303.0
TEST_1962,572.0
TEST_1963,257.0
TEST_1964,7.0
TEST_1965,7.0
TEST_1966,522.0
TEST_1967,532.0
TEST_1968,702.0
TEST_1969,392.0
TEST_1970,146.0
TEST_1971,139.0
TEST_1972,517.0
TEST_1973,139.0
TEST_1974,613.0
TEST_1975,368.0
TEST_1976,599.0
TEST_1977,793.0
TEST_1978,181.0
TEST_1979,720.0
TEST_1980,412.0
TEST_1981,467.0
TEST_1982,627.0
TEST_1983,674.0
TEST_1984,387.0
TEST_1985,184.0
TEST_1986,339.0
TEST_1987,184.0
TEST_1988,321.0
TEST_1989,750.0
TEST_1990,728.0
TEST_1991,249.0
TEST_1992,13.0
TEST_1993,300.0
TEST_1994,302.0
TEST_1995,267.0
TEST_1996,7.0
TEST_1997,382.0
TEST_1998,371.0
TEST_1999,522.0
TEST_2000,150.0
TEST_2001,644.0
TEST_2002,194.0
TEST_2003,714.0
TEST_2004,489.0
TEST_2005,394.0
TEST_2006,216.0
TEST_2007,121.0
TEST_2008,212.0
TEST_2009,497.0
TEST_2010,644.0
TEST_2011,672.0
TEST_2012,506.0
TEST_2013,501.0
TEST_2014,206.0
TEST_2015,301.0
TEST_2016,219.0
TEST_2017,219.0
TEST_2018,508.0
TEST_2019,355.0
TEST_2020,446.0
TEST_2021,632.0
TEST_2022,138.0
TEST_2023,462.0
TEST_2024,493.0
TEST_2025,317.0
TEST_2026,721.0
TEST_2027,79.0
TEST_2028,145.0
TEST_2029,625.0
TEST_2030,8.0
TEST_2031,442.0
TEST_2032,121.0
TEST_2033,277.0
TEST_2034,197.0
TEST_2035,216.0
TEST_2036,150.0
TEST_2037,186.0
TEST_2038,235.0
TEST_2039,682.0
TEST_2040,467.0
TEST_2041,181.0
TEST_2042,276.0
TEST_2043,262.0
TEST_2044,415.0
TEST_2045,591.0
TEST_2046,132.0
TEST_2047,545.0
TEST_2048,297.0
TEST_2049,284.0
TEST_2050,765.0
TEST_2051,401.0
TEST_2052,598.0
TEST_2053,671.0
TEST_2054,418.0
TEST_2055,358.0
TEST_2056,150.0
TEST_2057,157.0
TEST_2058,536.0
TEST_2059,625.0
TEST_2060,139.0
TEST_2061,319.0
TEST_2062,673.0
TEST_2063,719.0
TEST_2064,632.0
TEST_2065,583.0
TEST_2066,539.0
TEST_2067,238.0
TEST_2068,497.0
TEST_2069,470.0
TEST_2070,322.0
TEST_2071,296.0
TEST_2072,679.0
TEST_2073,739.0
TEST_2074,445.0
TEST_2075,491.0
TEST_2076,452.0
TEST_2077,505.0
TEST_2078,303.0
TEST_2079,299.0
TEST_2080,503.0
TEST_2081,389.0
TEST_2082,675.0
TEST_2083,36.0
TEST_2084,372.0
TEST_2085,181.0
TEST_2086,389.0
TEST_2087,149.0
TEST_2088,25.0
TEST_2089,795.0
TEST_2090,155.0
TEST_2091,629.0
TEST_2092,757.0
TEST_2093,342.0
TEST_2094,277.0
TEST_2095,270.0
TEST_2096,586.0
TEST_2097,545.0
TEST_2098,771.0
TEST_2099,125.0
TEST_2100,246.0
TEST_2101,249.0
TEST_2102,424.0
TEST_2103,457.0
TEST_2104,732.0
TEST_2105,364.0
TEST_2106,159.0
TEST_2107,269.0
TEST_2108,391.0
TEST_2109,421.0
TEST_2110,177.0
TEST_2111,235.0
TEST_2112,632.0
TEST_2113,792.0
TEST_2114,671.0
TEST_2115,361.0
TEST_2116,610.0
TEST_2117,656.0
TEST_2118,79.0
TEST_2119,28.0
TEST_2120,540.0
TEST_2121,110.0
TEST_2122,573.0
TEST_2123,442.0
TEST_2124,597.0
TEST_2125,497.0
TEST_2126,608.0
TEST_2127,696.0
TEST_2128,345.0
TEST_2129,429.0
TEST_2130,153.0
TEST_2131,597.0
TEST_2132,598.0
TEST_2133,1.0
TEST_2134,246.0
TEST_2135,667.0
TEST_2136,159.0
TEST_2137,678.0
TEST_2138,47.0
TEST_2139,627.0
TEST_2140,317.0
TEST_2141,350.0
TEST_2142,596.0
TEST_2143,429.0
TEST_2144,264.0
TEST_2145,449.0
TEST_2146,81.0
TEST_2147,398.0
TEST_2148,430.0
TEST_2149,181.0
TEST_2150,470.0
TEST_2151,111.0
TEST_2152,678.0
TEST_2153,118.0
TEST_2154,175.0
TEST_2155,326.0
TEST_2156,341.0
TEST_2157,700.0
TEST_2158,13.0
TEST_2159,702.0
TEST_2160,363.0
TEST_2161,371.0
TEST_2162,468.0
TEST_2163,669.0
TEST_2164,290.0
TEST_2165,538.0
TEST_2166,120.0
TEST_2167,40.0
TEST_2168,326.0
TEST_2169,407.0
TEST_2170,376.0
TEST_2171,650.0
TEST_2172,686.0
TEST_2173,338.0
TEST_2174,178.0
TEST_2175,115.0
TEST_2176,486.0
TEST_2177,197.0
TEST_2178,632.0
TEST_2179,535.0
TEST_2180,552.0
TEST_2181,233.0
TEST_2182,462.0
TEST_2183,218.0
TEST_2184,792.0
TEST_2185,658.0
TEST_2186,3.0
TEST_2187,475.0
TEST_2188,771.0
TEST_2189,419.0
TEST_2190,789.0
TEST_2191,162.0
TEST_2192,631.0
TEST_2193,568.0
TEST_2194,296.0
TEST_2195,230.0
TEST_2196,408.0
TEST_2197,428.0
TEST_2198,395.0
TEST_2199,699.0
TEST_2200,178.0
TEST_2201,690.0
TEST_2202,510.0
TEST_2203,736.0
TEST_2204,322.0
TEST_2205,315.0
TEST_2206,285.0
TEST_2207,79.0
